text,label,notes
"Tatum was not even shooting well, but every time he drove, the weak side had to tag early and Boston got a clean corner three.",analysis,"Explains offensive impact with specific defensive rotation and shot-quality context."
"lol this team forgot how basketball works",reaction_noise,"Main purpose is venting and humor, with no specific basketball claim."
"If you watched that fourth quarter and still trust this coach, I do not know what to tell you.",hot_take,"Evaluates the coach strongly without explaining a specific strategic issue."
"Jokic had 12 assists and it still feels like the box score missed half of what he did tonight.",analysis,"Makes a reasoned point that box-score assists may not capture total playmaking impact."
"That was the most unserious closeout I have seen all season.",reaction_noise,"Mostly emotional exaggeration about the game ending, with little specific evaluation."
"The Lakers bench minutes are brutal because nobody pressures the rim when LeBron sits.",analysis,"Gives a clear causal reason for poor bench performance."
"One game and suddenly everyone is pretending this guy is a top 10 player. Relax.",hot_take,"Critiques an overreaction and player ranking debate, but without detailed evidence."
"I get that the refs were bad, but the Pacers also gave up three straight offensive rebounds in crunch time.",analysis,"Uses specific game events to explain responsibility beyond officiating."
"This is why regular season stats lie.",hot_take,"Makes a broad unsupported claim about statistics."
"That timeout should have come two possessions earlier when they were clearly losing the matchup.",analysis,"Evaluates coaching with a specific timing and matchup-based reason."
"Bro hit one stepback and started talking like prime Harden.",reaction_noise,"Primarily sarcastic and humorous reaction, not a serious player evaluation."
"The spacing with two non-shooters on the floor makes every drive feel like traffic.",analysis,"Explains offensive problems using lineup spacing."
"I cannot believe I stayed up for this.",reaction_noise,"Pure frustration with no basketball claim."
"If your offense depends on contested pull-up threes for six straight minutes, that is on the coach and the guards.",analysis,"Identifies shot quality and late-game offensive process as the issue."
"He is not a winning player. I have seen enough.",hot_take,"Strong player evaluation with no supporting evidence."
"That defensive possession after the missed free throw was worse than the miss itself.",hot_take,"Specific-possession judgment without explaining the defensive breakdown."
"Every playoff series turns into people pretending one bad game erases five years of evidence.",analysis,"Reasoned discourse critique about overreacting to small playoff samples."
"PUT THE BALL IN YOUR BEST PLAYER'S HANDS. It is not that complicated.",hot_take,"Strong strategic judgment with little explanation beyond an imperative."
"The Knicks were hunting the same switch over and over, and Philly never changed the coverage.",analysis,"Describes a specific tactical pattern and failed defensive adjustment."
"This thread is about to be toxic either way.",reaction_noise,"Meta reaction about discussion tone, not basketball analysis."
"I do not care what the advanced stats say, he disappears when it matters.",hot_take,"Unsupported player judgment that dismisses evidence."
"Their transition defense looked cooked after halftime, especially once the turnovers started piling up.",analysis,"Connects defensive struggles to turnovers and second-half context."
"Absolute cinema.",reaction_noise,"Short hype reaction with no claim."
"The Warriors can still shoot, but they do not create easy advantages as often as they used to.",analysis,"Makes a basketball claim about shot creation and offensive advantage."
"If that is your franchise player, you are not winning anything.",hot_take,"Strong unsupported team/player evaluation."
"The zone worked for two possessions, then they stopped rebounding out of it.",analysis,"Explains scheme effectiveness and the rebounding problem."
"This arena is dead for a playoff game.",reaction_noise,"Atmosphere reaction rather than basketball evaluation."
"People are blaming the center, but the guards died on every screen and put him in impossible spots.",analysis,"Uses defensive responsibility and screen navigation to explain blame."
"Trade everyone except the mascot.",reaction_noise,"Humorous venting rather than serious roster analysis."
"That was a great defensive game plan until they refused to adjust to the small lineup.",analysis,"Evaluates coaching strategy with a specific adjustment issue."
"He got 30, but it felt like the quietest 30 ever.",hot_take,"Player judgment without supporting evidence."
"I swear every national TV game turns into legacy discourse by halftime.",reaction_noise,"Meta complaint about discourse."
"The shot selection changed completely once the second unit came in.",analysis,"Specific basketball observation about rotation impact."
"This team has no heart.",hot_take,"Unsupported team evaluation."
"The spacing around Wemby is a crime.",hot_take,"Unsupported roster-spacing criticism with emotional wording."
"I am not saying he is bad, but if your max player cannot punish a switch, that caps the whole offense.",analysis,"Specific tactical reason for offensive ceiling."
"refs decided they wanted screen time",reaction_noise,"Sarcastic venting."
"The Heat keep finding undrafted guys who know exactly where to stand on defense.",analysis,"Specific defensive role observation."
"Down 18 and still walking the ball up. What are we doing?",reaction_noise,"Frustrated reaction to pace."
"This loss is 70 percent turnovers and 30 percent vibes collapsing.",analysis,"Gives a causal explanation for the loss."
"Shai gets to his spots so calmly that it almost looks like the defense is agreeing to it.",analysis,"Specific scoring-process observation."
"He is better than Kobe and I am tired of pretending he is not.",hot_take,"Extreme unsupported player comparison."
"That lineup with three guards looked fun until they had to rebound.",analysis,"Specific lineup strength and weakness."
"The coach saw them give up five straight layups and said, yes, more of that.",hot_take,"Coaching criticism without explaining the adjustment."
"No way people are blaming the refs when they shot 17 percent from three.",analysis,"Uses shooting evidence to explain blame."
"The Celtics offense is scary when Porzingis pulls the rim protector away from the paint.",analysis,"Explains spacing effect."
"This team owes me sleep.",reaction_noise,"Venting with no basketball claim."
"I do not know how you watch that game and call him empty stats.",hot_take,"Player defense without specific evidence."
"This is the kind of win that fools a front office into doing nothing at the deadline.",hot_take,"Broad roster judgment."
"Ant was forcing it early, but once he started passing out of the second defender, the offense opened up.",analysis,"Explains adjustment and impact."
"Can we stop calling every good game a legacy game?",reaction_noise,"Meta frustration."
"Worst possession in basketball history, and I am only slightly exaggerating.",reaction_noise,"Humorous exaggeration."
"If you need eight paragraphs to explain why he is elite, maybe he is not elite.",hot_take,"Dismissive player evaluation."
"The Thunder lost because their half-court offense got predictable, not because they are too young.",analysis,"Gives specific cause for loss."
"This game is drunk.",reaction_noise,"Humorous reaction."
"That third foul changed everything because he stopped contesting at the rim.",analysis,"Explains foul trouble impact."
"The Suns cannot keep relying on contested midrange shots against a defense this long.",analysis,"Specific shot-quality argument."
"I have seen enough, build the statue.",reaction_noise,"Celebratory exaggeration."
"Everyone wants the star to take over, but the defense was loading up before he even caught the ball.",analysis,"Explains defensive pressure."
"Why does this team play like the scoreboard is optional?",reaction_noise,"Sarcastic frustration."
"The Mavs doubled late instead of early and it let them recover to shooters better.",analysis,"Specific defensive strategy."
"He tricked y'all with one good month.",hot_take,"Unsupported player dismissal."
"This is the most predictable collapse in the league.",hot_take,"Broad unsupported team judgment."
"The assist numbers do not show how many advantages he created with the first pass.",analysis,"Explains box-score limitation."
"I love chaos basketball when it is not my team.",reaction_noise,"Emotional fan reaction."
"That trade looks worse every time they need a wing stopper.",analysis,"Roster critique with specific need."
"You cannot play drop coverage that deep when the guard is walking into practice floaters.",analysis,"Specific coverage critique."
"Bench him. I do not care about feelings.",hot_take,"Strong unsupported personnel judgment."
"The Nuggets look bored until suddenly every cut is timed perfectly.",analysis,"Specific off-ball execution observation."
"That was not defense, that was cardio near the ball.",reaction_noise,"Humorous frustration."
"I think the coach is getting too much blame when the players missed four wide open threes.",analysis,"Uses shot quality to assign blame."
"He is either hurt or completely checked out, because that burst is gone.",analysis,"Uses observed loss of burst as reasoning."
"This game thread aged six years in one quarter.",reaction_noise,"Meta emotional reaction."
"The Lakers had the right idea posting AD, but the entry passes were late and predictable.",analysis,"Specific execution critique."
"There is no universe where this guy should be taking the final shot.",hot_take,"Unsupported shot-selection judgment."
"If he had a better whistle, people would talk about him very differently.",hot_take,"Unsupported claim about officiating perception."
"The defense was fine for most of the possession, then one missed tag ruined the whole thing.",analysis,"Specific defensive breakdown."
"LMAO that pass went to section 112.",reaction_noise,"Humorous reaction."
"The front office built a team with shooting on paper and no one who can actually bend the defense.",analysis,"Roster construction argument."
"This is why I do not trust regular season merchants.",hot_take,"Dismissive unsupported playoff claim."
"He made the right read, the shooter just missed. Not every possession needs a villain.",analysis,"Explains process versus result."
"That was a legacy turnover.",reaction_noise,"Sarcastic one-line reaction."
"They keep switching smaller guards onto bigger wings and then acting surprised by the post-ups.",analysis,"Specific matchup critique."
"This is peak NBA discourse: one quarter and everyone is unemployed.",reaction_noise,"Meta joke about overreaction."
"The Clippers offense looks great until the ball stops moving and everyone waits for someone else to solve it.",analysis,"Specific offensive process critique."
"I am convinced nobody on this team practices inbound plays.",hot_take,"Unsupported criticism of team preparation and inbound strategy."
"That block was insane, but the closeout before it was even better.",analysis,"Specific defensive play evaluation."
"The East is finished if this is the best they have.",hot_take,"Broad unsupported conference judgment."
"I do not hate the trade, but they still need a real point guard.",analysis,"Roster evaluation with specific need."
"The box score says he was efficient, but a lot of those points came after the game was already tilted.",analysis,"Adds game-context to stats."
"What exactly does this coach do?",hot_take,"Unsupported coaching evaluation."
"The Bulls are stuck because they are too competent to tank and not dynamic enough to scare anyone.",analysis,"Explains team-building problem."
"This team is allergic to joy.",reaction_noise,"Emotional joke."
"The rookie made mistakes, but his rotations were earlier than half the veterans on the floor.",analysis,"Specific defensive awareness observation."
"If you are still defending that contract, please log off.",hot_take,"Unsupported roster-contract judgment."
"The timeout debate is weird because the bigger issue was they had no counter to the switch.",analysis,"Specific tactical issue."
"Give me seven games of this matchup immediately.",reaction_noise,"Excited reaction."
"He talks like a superstar and plays like a third option when the help comes.",hot_take,"Strong player judgment with limited support."
"That was a good loss, if such a thing exists, because the process looked better than the result.",analysis,"Evaluates process over outcome."
"Why is every missed three treated like a moral failure in here?",reaction_noise,"Meta frustration."
"The Kings are at their best when Sabonis is making decisions at the elbow instead of just screening and diving.",analysis,"Specific offensive role observation."
"I do not know if that was good defense or terrible offense.",reaction_noise,"Unresolved reaction without a claim."
"The refs were annoying, but this team also missed nine free throws.",analysis,"Uses evidence to balance blame."
"This is the funniest possible outcome.",reaction_noise,"Humorous reaction."
"He is too small for playoff basketball. Simple.",hot_take,"Unsupported player limitation claim."
"The bench got cooked because they could not contain the ball at the point of attack.",analysis,"Specific defensive cause."
"That challenge was worth it even though they lost it, because it stopped the run and bought rest.",analysis,"Explains strategic value."
"Everybody wants a trade until they realize the other team has to want your players too.",analysis,"Reasoned trade-discussion point."
"This coach is either saving his best lineup for the playoffs or refusing to see the obvious.",hot_take,"Coaching judgment without specific lineup details."
"That was the loudest missed dunk I have ever seen.",reaction_noise,"Humorous reaction."
"Luka manipulating the low man is basically a whole offense by itself.",analysis,"Specific offensive creation observation."
"Stop comparing him to legends before he wins a second-round series.",hot_take,"Unsupported legacy gatekeeping."
"The defensive glass is why this team cannot be serious.",analysis,"Specific team weakness."
"I cannot tell if the offense is broken or if the shots just did not fall tonight.",reaction_noise,"Unresolved uncertainty."
"This broadcast crew is fighting for its life.",reaction_noise,"Broadcast reaction."
"They lost the non-Jokic minutes by 14, and that has been the story all year.",analysis,"Uses lineup data context."
"He put up numbers, but the offense looked worse whenever he hunted mismatches too long.",analysis,"Specific process critique."
"We are one more brick away from a closed-door meeting.",reaction_noise,"Humorous frustration."
"The Magic defense is real because every pass feels like it has a hand in the lane.",analysis,"Explains defensive pressure."
"Fire the coach before the postgame interview.",hot_take,"Strong unsupported coaching demand."
"People underrate how much a reliable fifth shooter changes the geometry for a star guard.",analysis,"Explains spacing value."
"That was a ""delete the app"" quarter.",reaction_noise,"Emotional reaction."
"I do not think he is washed, but he cannot be the only creator anymore.",analysis,"Specific role limitation."
"The switch everything scheme worked until they ran into a team with actual size on the wing.",analysis,"Specific matchup limitation."
"If that shot went in, everyone would call it killer instinct. Since it missed, everyone calls it selfish.",analysis,"Reasoned point about result bias."
"The deadline move made sense in theory, but they gave up their only good point-of-attack defender.",analysis,"Specific trade-off analysis."
"I am crying at that fast break.",reaction_noise,"Emotional reaction."
"The stat line is ugly, but he kept making the extra rotation and boxing out bigger players.",analysis,"Adds non-box-score context."
"This is the same movie every year.",reaction_noise,"Vague frustrated reaction."
"Nobody fears this team in May.",hot_take,"Unsupported team judgment."
"The Grizzlies need shooting, but they also need someone who can calm the offense down late.",analysis,"Specific roster needs."
"That was either genius tanking or the worst final play ever drawn.",reaction_noise,"Humorous exaggerated reaction."
"He is getting doubled at half court and people are asking why he only has 22.",analysis,"Explains scoring context."
"The coach cannot make open shots for them, but he can stop playing lineups with no spacing.",analysis,"Balanced coaching critique with reason."
"This sub flips opinions faster than a bad closeout.",reaction_noise,"Meta joke."
"The possession before halftime mattered because it gave them a two-for-one and changed the rotation timing.",analysis,"Specific game-management reasoning."
"This dude has negative basketball IQ.",hot_take,"Unsupported player insult."
"I do not know how sustainable this is when half their offense is tough shot-making.",analysis,"Shot-quality sustainability argument."
"The arena going silent after that turnover was brutal.",reaction_noise,"Atmosphere reaction."
"That rookie already understands weak-side help better than some lottery veterans.",analysis,"Specific defensive comparison."
"They should trade for a center, but not if it costs their only flexible wing.",analysis,"Roster trade-off reasoning."
"This is why player rankings are pointless after the top five.",reaction_noise,"Meta debate complaint."
"He is not clutch, he is just loud.",hot_take,"Unsupported player judgment."
"The Raptors played hard, but their half-court spacing is still doing them no favors.",analysis,"Specific offensive weakness."
"I watched three possessions and knew how this game would end.",hot_take,"Overconfident conclusion from tiny sample."
"That final play was not bad. The first option was covered and the second option got a clean look.",analysis,"Explains final-play process."
"The most predictable 12-2 run of all time.",reaction_noise,"Emotional exaggeration."
"He cannot guard anyone and people only notice when his jumper is off.",hot_take,"Broad player judgment."
"The Wolves defense travels because it is built on size and discipline, not just shooting variance.",analysis,"Explains why defense is sustainable."
"This game is why I love and hate basketball.",reaction_noise,"Emotional reaction."
"If they max him, they deserve the next five years.",hot_take,"Unsupported contract judgment."
"The assist totals are low because everyone is passing up open shots to attack bad closeouts.",analysis,"Explains stat context."
"That was a terrible call, but also a terrible decision to reach there.",analysis,"Balances officiating and player decision."
"Playoff basketball exposes every weak passer on the floor.",analysis,"Basketball claim about postseason pressure."
"I do not want to hear injury excuses when both teams are missing guys.",hot_take,"Dismissive unsupported argument."
"That possession had four passes, two paint touches, and somehow ended in the worst shot possible.",analysis,"Specific possession-quality critique."
"He fooled everyone with regular season defense.",hot_take,"Unsupported player dismissal."
"The Knicks rotation is thin, but the top six know exactly what their job is.",analysis,"Roster/rotation evaluation with reason."
"Send this team to basketball jail.",reaction_noise,"Humorous venting."
"I am not sure if he is overrated or just being asked to do too much.",analysis,"Considers role context."
"The mismatch hunting worked because they forced the big to defend in space before the switch.",analysis,"Specific tactical explanation."
"That celebration down 12 should be illegal.",reaction_noise,"Humorous frustration."
"Every time they went small, they scored easier but gave the points right back on the glass.",analysis,"Specific lineup trade-off."
"The front office needs to choose a direction instead of collecting almost-stars.",analysis,"Roster-building argument."
"This player debate is impossible because half of you only watch highlights.",reaction_noise,"Meta frustration."
"The defense looked lazy, but some of that was just bad communication on early offense.",analysis,"Distinguishes effort from communication."
"He is a superstar until the second round starts.",hot_take,"Unsupported playoff player judgment."
"I do not care about the triple-double if the turnovers are live-ball disasters.",analysis,"Uses turnover quality to contextualize stats."
"That was a grown-up win. Nothing flashy, just stops, rebounds, and good late-clock execution.",analysis,"Explains why win was solid."
"The vibes are in critical condition.",reaction_noise,"Humorous emotional reaction."
"They need a backup guard who can run a basic pick-and-roll without turning it into performance art.",analysis,"Specific roster need."
"The coach finally adjusted by putting size on the ball handler, and it changed the passing angles.",analysis,"Specific coaching adjustment."
"This team plays like it has somewhere better to be.",reaction_noise,"Venting."
"He cooked a weak defender and now people are rewriting the MVP race.",hot_take,"Critiques overreaction without detailed evidence."
"The problem is not that he shoots midrange shots. The problem is when those shots come before the defense moves.",analysis,"Specific shot-selection reasoning."
"That was the best bad game I have ever watched.",reaction_noise,"Humorous game reaction."
"I do not trust any team whose third option cannot dribble under pressure.",analysis,"Team evaluation with specific playoff concern."
"They won, but that closing lineup is going to be a problem against bigger teams.",analysis,"Specific matchup concern."
"Everybody wants accountability until it is their favorite player taking the bad shot.",analysis,"Reasoned discourse critique."
"The spacing is so bad that every drive turns into a committee meeting.",analysis,"Explains offensive issue through spacing."
"Hang the banner for that second quarter.",reaction_noise,"Sarcastic reaction."
"The box score makes the bench look worse than it was because they inherited awful floor balance.",analysis,"Adds context to bench stats."
"He is already better than the guy they traded away. Not close.",hot_take,"Unsupported player comparison."
"The Thunder are ahead of schedule, but their late-game execution still looks young.",analysis,"Balanced team-development claim."
"I cannot explain it, but this game feels cursed.",reaction_noise,"Emotional reaction."
"The big did his job in drop coverage; the guard has to get over the screen sooner.",analysis,"Specific defensive responsibility."
"That was a fireable final two minutes.",hot_take,"Strong coaching/team judgment."
"People are acting like this was a choke, but the opponent hit three ridiculous shots.",analysis,"Uses context to challenge narrative."
"This team needs a real identity besides ""hope the star saves us.""",hot_take,"Broad team criticism."
"The way he reads the tag defender is the difference between a scorer and an offensive engine.",analysis,"Specific playmaking observation."
"I am begging them to run one normal play.",reaction_noise,"Frustrated reaction."
"You can see why teams attack him in space even when his counting stats look good.",analysis,"Explains defensive weakness beyond stats."
"This is not a contender, this is a podcast topic.",hot_take,"Unsupported team dismissal."
"That no-call changed the game, but so did the four turnovers before it.",analysis,"Balances officiating with turnovers."
"I think he is a good player, but the way fans talk about him makes every debate unbearable.",reaction_noise,"Meta frustration about discourse."
"The pace slowed down because both teams were trying to avoid cross-matches after misses.",analysis,"Specific tactical pace explanation."
"This is generational nonsense.",reaction_noise,"Emotional reaction."
"The trade was fine if the goal was raising the floor, but it did not solve their playoff ceiling.",analysis,"Trade evaluation with reasoning."
"He had 40 and somehow I still think the defense won the matchup.",analysis,"Contextual claim about scoring versus defense."
"I have no idea what I just watched.",reaction_noise,"Confused reaction."
"The center's screen angles created the whole possession even though he never touched the ball again.",analysis,"Specific off-ball contribution."
"Bench mob came in and immediately turned the game into a track meet.",analysis,"Describes how the bench unit changed the game pace."
"This coach has one plan and a prayer.",hot_take,"Unsupported coaching criticism."
"I would rather lose with the young guys than watch this veteran lineup pretend to space the floor.",analysis,"Lineup preference with spacing reason."
"The stat nerds are going to hate this, but he just does not pass the eye test.",hot_take,"Vague unsupported player judgment."
"That was a smart foul because they had one to give and stopped the transition chance.",analysis,"Explains tactical foul."
"Every time he gets hot, the offense turns into four guys watching.",analysis,"Specific offensive stagnation critique."
"The Pelicans need to decide whether Zion is the system or just the biggest piece in it.",analysis,"Roster/identity question with basketball framing."
"The vibes merchant allegations are gaining evidence.",hot_take,"Humorous but primarily an unsupported player evaluation."
"That late double was risky, but it forced the ball to their weakest shooter.",analysis,"Specific defensive trade-off."
"The league is cooked if this is a foul.",reaction_noise,"Officiating frustration."
"The difference tonight was shot quality, not effort. One team got layups and corner threes, the other got long twos.",analysis,"Clear evidence-based game explanation."
"He is the most disrespected star in the NBA and it is not even close.",hot_take,"Unsupported extreme player claim."
"I cannot take another possession where nobody cuts.",reaction_noise,"Frustrated reaction."
"The defense was overhelping because they did not trust the initial matchup.",analysis,"Specific defensive explanation."
"The hot mic picked the perfect time to expose that huddle.",reaction_noise,"Broadcast/game-thread reaction."
"That was a bad loss, but not a panic loss unless the same rotation issues show up again.",analysis,"Conditional evaluation with specific concern."
"People keep saying ""killer instinct"" when they really mean ""made the last shot.""",analysis,"Reasoned critique of result-based framing."
"If your backup center changes the entire series, maybe your roster construction was fragile.",analysis,"Roster construction argument."
"The team looked better with the rookie because he moved the ball faster, even if he missed shots.",analysis,"Explains process despite missed shots."
"This man is allergic to passing.",hot_take,"Unsupported player criticism."
"That game had preseason energy with playoff consequences.",reaction_noise,"Humorous game reaction."
"I do not think the coach lost the locker room, but those defensive mistakes looked like a team that stopped trusting the scheme.",analysis,"Specific interpretation of defensive mistakes."
"Trade machine screenshots should be banned until July.",reaction_noise,"Meta joke about trade discussion."
"He dropped 35 on single coverage. At some point you have to send help and live with the kickout.",analysis,"Specific defensive adjustment argument."
"The call was bad, the reaction was worse, and the final possession was worst of all.",hot_take,"Multiple judgments without explanation."
"This team has main character syndrome.",reaction_noise,"Humorous venting."
"The lineup data backs up what people are seeing: the offense dies when both creators sit.",analysis,"Uses data to support lineup claim."
"He can be both underrated and not good enough to be the number one option.",analysis,"Nuanced player-role evaluation."
"That was the kind of game where every fanbase involved leaves angry.",reaction_noise,"General emotional reaction."
"The defense did not collapse because of effort; it collapsed because the rotations were one pass behind.",analysis,"Specific defensive explanation."
"I am not moved by a 20-point win over a team missing three starters.",analysis,"Uses opponent injury context to qualify the win."
"He made two clutch shots, but the real story was the defense denying the first action.",analysis,"Explains deeper reason for outcome."
"The coach is cooking or burning the kitchen down. I cannot tell yet.",reaction_noise,"Humorous uncertainty."
"That possession looked like five people sharing one intrusive thought.",reaction_noise,"Humorous reaction."
"The team needs more shooting, but just adding shooters will not fix the lack of rim pressure.",analysis,"Specific roster-building reasoning."
"He is a great player until the game slows down and every decision matters.",hot_take,"Unsupported playoff criticism."
"I need an apology form from everyone in the first-quarter thread.",reaction_noise,"Meta celebration."
"The bad shot was not the issue. The issue was taking it with 14 seconds left and no one under the rim.",analysis,"Specific clock and rebounding critique."
"This series is going seven and every game is going to make the internet worse.",reaction_noise,"Prediction framed as discourse reaction."
