text,label,notes
I do not know if that was good defense or terrible offense.,reaction_noise,Unresolved reaction without a claim.
I think the coach is getting too much blame when the players missed four wide open threes.,analysis,Uses shot quality to assign blame.
The spacing with two non-shooters on the floor makes every drive feel like traffic.,analysis,Explains offensive problems using lineup spacing.
This is the kind of win that fools a front office into doing nothing at the deadline.,hot_take,Broad roster judgment.
He is better than Kobe and I am tired of pretending he is not.,hot_take,Extreme unsupported player comparison.
"That no-call changed the game, but so did the four turnovers before it.",analysis,Balances officiating with turnovers.
"Every time they went small, they scored easier but gave the points right back on the glass.",analysis,Specific lineup trade-off.
The Celtics offense is scary when Porzingis pulls the rim protector away from the paint.,analysis,Explains spacing effect.
I am crying at that fast break.,reaction_noise,Emotional reaction.
Luka manipulating the low man is basically a whole offense by itself.,analysis,Specific offensive creation observation.
I do not trust any team whose third option cannot dribble under pressure.,analysis,Team evaluation with specific playoff concern.
"The stat line is ugly, but he kept making the extra rotation and boxing out bigger players.",analysis,Adds non-box-score context.
This team has no heart.,hot_take,Unsupported team evaluation.
That lineup with three guards looked fun until they had to rebound.,analysis,Specific lineup strength and weakness.
"That block was insane, but the closeout before it was even better.",analysis,Specific defensive play evaluation.
"He put up numbers, but the offense looked worse whenever he hunted mismatches too long.",analysis,Specific process critique.
This game is drunk.,reaction_noise,Humorous reaction.
He cooked a weak defender and now people are rewriting the MVP race.,hot_take,Critiques overreaction without detailed evidence.
"This is not a contender, this is a podcast topic.",hot_take,Unsupported team dismissal.
The mismatch hunting worked because they forced the big to defend in space before the switch.,analysis,Specific tactical explanation.
I would rather lose with the young guys than watch this veteran lineup pretend to space the floor.,analysis,Lineup preference with spacing reason.
This broadcast crew is fighting for its life.,reaction_noise,Broadcast reaction.
He can be both underrated and not good enough to be the number one option.,analysis,Nuanced player-role evaluation.
"The Lakers had the right idea posting AD, but the entry passes were late and predictable.",analysis,Specific execution critique.
That was the most unserious closeout I have seen all season.,reaction_noise,"Mostly emotional exaggeration about the game ending, with little specific evaluation."
I do not want to hear injury excuses when both teams are missing guys.,hot_take,Dismissive unsupported argument.
Shai gets to his spots so calmly that it almost looks like the defense is agreeing to it.,analysis,Specific scoring-process observation.
There is no universe where this guy should be taking the final shot.,hot_take,Unsupported shot-selection judgment.
Why does this team play like the scoreboard is optional?,reaction_noise,Sarcastic frustration.
I cannot take another possession where nobody cuts.,reaction_noise,Frustrated reaction.
"The rookie made mistakes, but his rotations were earlier than half the veterans on the floor.",analysis,Specific defensive awareness observation.
"The Warriors can still shoot, but they do not create easy advantages as often as they used to.",analysis,Makes a basketball claim about shot creation and offensive advantage.
This is the same movie every year.,reaction_noise,Vague frustrated reaction.
"If your backup center changes the entire series, maybe your roster construction was fragile.",analysis,Roster construction argument.
What exactly does this coach do?,hot_take,Unsupported coaching evaluation.
"That was a grown-up win. Nothing flashy, just stops, rebounds, and good late-clock execution.",analysis,Explains why win was solid.
"I am not saying he is bad, but if your max player cannot punish a switch, that caps the whole offense.",analysis,Specific tactical reason for offensive ceiling.
The box score makes the bench look worse than it was because they inherited awful floor balance.,analysis,Adds context to bench stats.
"The team looked better with the rookie because he moved the ball faster, even if he missed shots.",analysis,Explains process despite missed shots.
This sub flips opinions faster than a bad closeout.,reaction_noise,Meta joke.
"If that shot went in, everyone would call it killer instinct. Since it missed, everyone calls it selfish.",analysis,Reasoned point about result bias.
The center's screen angles created the whole possession even though he never touched the ball again.,analysis,Specific off-ball contribution.
lol this team forgot how basketball works,reaction_noise,"Main purpose is venting and humor, with no specific basketball claim."
Can we stop calling every good game a legacy game?,reaction_noise,Meta frustration.
The Magic defense is real because every pass feels like it has a hand in the lane.,analysis,Explains defensive pressure.
Bench him. I do not care about feelings.,hot_take,Strong unsupported personnel judgment.
"The Thunder are ahead of schedule, but their late-game execution still looks young.",analysis,Balanced team-development claim.
Trade machine screenshots should be banned until July.,reaction_noise,Meta joke about trade discussion.
LMAO that pass went to section 112.,reaction_noise,Humorous reaction.
Why is every missed three treated like a moral failure in here?,reaction_noise,Meta frustration.
"People keep saying ""killer instinct"" when they really mean ""made the last shot.""",analysis,Reasoned critique of result-based framing.
"The deadline move made sense in theory, but they gave up their only good point-of-attack defender.",analysis,Specific trade-off analysis.
"If you watched that fourth quarter and still trust this coach, I do not know what to tell you.",hot_take,Evaluates the coach strongly without explaining a specific strategic issue.
The possession before halftime mattered because it gave them a two-for-one and changed the rotation timing.,analysis,Specific game-management reasoning.
This team is allergic to joy.,reaction_noise,Emotional joke.
"If you are still defending that contract, please log off.",hot_take,Unsupported roster-contract judgment.
"That challenge was worth it even though they lost it, because it stopped the run and bought rest.",analysis,Explains strategic value.
He is a superstar until the second round starts.,hot_take,Unsupported playoff player judgment.
The Pelicans need to decide whether Zion is the system or just the biggest piece in it.,analysis,Roster/identity question with basketball framing.
"I do not hate the trade, but they still need a real point guard.",analysis,Roster evaluation with specific need.
"People are blaming the center, but the guards died on every screen and put him in impossible spots.",analysis,Uses defensive responsibility and screen navigation to explain blame.
I cannot tell if the offense is broken or if the shots just did not fall tonight.,reaction_noise,Unresolved uncertainty.
I do not know how sustainable this is when half their offense is tough shot-making.,analysis,Shot-quality sustainability argument.
"The refs were annoying, but this team also missed nine free throws.",analysis,Uses evidence to balance blame.
The Bulls are stuck because they are too competent to tank and not dynamic enough to scare anyone.,analysis,Explains team-building problem.
Every playoff series turns into people pretending one bad game erases five years of evidence.,analysis,Reasoned discourse critique about overreacting to small playoff samples.
This coach has one plan and a prayer.,hot_take,Unsupported coaching criticism.
This team owes me sleep.,reaction_noise,Venting with no basketball claim.
"That was a good loss, if such a thing exists, because the process looked better than the result.",analysis,Evaluates process over outcome.
"The coach cannot make open shots for them, but he can stop playing lineups with no spacing.",analysis,Balanced coaching critique with reason.
They need a backup guard who can run a basic pick-and-roll without turning it into performance art.,analysis,Specific roster need.
The Heat keep finding undrafted guys who know exactly where to stand on defense.,analysis,Specific defensive role observation.
The problem is not that he shoots midrange shots. The problem is when those shots come before the defense moves.,analysis,Specific shot-selection reasoning.
"I do not think he is washed, but he cannot be the only creator anymore.",analysis,Specific role limitation.
I am convinced nobody on this team practices inbound plays.,hot_take,Unsupported criticism of team preparation and inbound strategy.
I have no idea what I just watched.,reaction_noise,Confused reaction.
"Everyone wants the star to take over, but the defense was loading up before he even caught the ball.",analysis,Explains defensive pressure.
That was a smart foul because they had one to give and stopped the transition chance.,analysis,Explains tactical foul.
The timeout debate is weird because the bigger issue was they had no counter to the switch.,analysis,Specific tactical issue.
"The trade was fine if the goal was raising the floor, but it did not solve their playoff ceiling.",analysis,Trade evaluation with reasoning.
That was either genius tanking or the worst final play ever drawn.,reaction_noise,Humorous exaggerated reaction.
Everybody wants accountability until it is their favorite player taking the bad shot.,analysis,Reasoned discourse critique.
That third foul changed everything because he stopped contesting at the rim.,analysis,Explains foul trouble impact.
The East is finished if this is the best they have.,hot_take,Broad unsupported conference judgment.
You can see why teams attack him in space even when his counting stats look good.,analysis,Explains defensive weakness beyond stats.
"He made the right read, the shooter just missed. Not every possession needs a villain.",analysis,Explains process versus result.
"The Knicks were hunting the same switch over and over, and Philly never changed the coverage.",analysis,Describes a specific tactical pattern and failed defensive adjustment.
That was a legacy turnover.,reaction_noise,Sarcastic one-line reaction.
This is generational nonsense.,reaction_noise,Emotional reaction.
"The Wolves defense travels because it is built on size and discipline, not just shooting variance.",analysis,Explains why defense is sustainable.
The arena going silent after that turnover was brutal.,reaction_noise,Atmosphere reaction.
They keep switching smaller guards onto bigger wings and then acting surprised by the post-ups.,analysis,Specific matchup critique.
This game thread aged six years in one quarter.,reaction_noise,Meta emotional reaction.
I am not sure if he is overrated or just being asked to do too much.,analysis,Considers role context.
Send this team to basketball jail.,reaction_noise,Humorous venting.
"He is either hurt or completely checked out, because that burst is gone.",analysis,Uses observed loss of burst as reasoning.
That was a fireable final two minutes.,hot_take,Strong coaching/team judgment.
The most predictable 12-2 run of all time.,reaction_noise,Emotional exaggeration.
"The Raptors played hard, but their half-court spacing is still doing them no favors.",analysis,Specific offensive weakness.
He is not a winning player. I have seen enough.,hot_take,Strong player evaluation with no supporting evidence.
He is the most disrespected star in the NBA and it is not even close.,hot_take,Unsupported extreme player claim.
This series is going seven and every game is going to make the internet worse.,reaction_noise,Prediction framed as discourse reaction.
"Worst possession in basketball history, and I am only slightly exaggerating.",reaction_noise,Humorous exaggeration.
"People are acting like this was a choke, but the opponent hit three ridiculous shots.",analysis,Uses context to challenge narrative.
He is a great player until the game slows down and every decision matters.,hot_take,Unsupported playoff criticism.
That was the best bad game I have ever watched.,reaction_noise,Humorous game reaction.
I need an apology form from everyone in the first-quarter thread.,reaction_noise,Meta celebration.
"I have seen enough, build the statue.",reaction_noise,Celebratory exaggeration.
I do not know how you watch that game and call him empty stats.,hot_take,Player defense without specific evidence.
The Clippers offense looks great until the ball stops moving and everyone waits for someone else to solve it.,analysis,Specific offensive process critique.
"The Grizzlies need shooting, but they also need someone who can calm the offense down late.",analysis,Specific roster needs.
That celebration down 12 should be illegal.,reaction_noise,Humorous frustration.
Bro hit one stepback and started talking like prime Harden.,reaction_noise,"Primarily sarcastic and humorous reaction, not a serious player evaluation."
"The coach saw them give up five straight layups and said, yes, more of that.",hot_take,Coaching criticism without explaining the adjustment.
Stop comparing him to legends before he wins a second-round series.,hot_take,Unsupported legacy gatekeeping.
"Their transition defense looked cooked after halftime, especially once the turnovers started piling up.",analysis,Connects defensive struggles to turnovers and second-half context.
The vibes merchant allegations are gaining evidence.,hot_take,Humorous but primarily an unsupported player evaluation.
That game had preseason energy with playoff consequences.,reaction_noise,Humorous game reaction.
"That possession had four passes, two paint touches, and somehow ended in the worst shot possible.",analysis,Specific possession-quality critique.
That was the loudest missed dunk I have ever seen.,reaction_noise,Humorous reaction.
Bench mob came in and immediately turned the game into a track meet.,analysis,Describes how the bench unit changed the game pace.
"If that is your franchise player, you are not winning anything.",hot_take,Strong unsupported team/player evaluation.
One game and suddenly everyone is pretending this guy is a top 10 player. Relax.,hot_take,"Critiques an overreaction and player ranking debate, but without detailed evidence."
"The team needs more shooting, but just adding shooters will not fix the lack of rim pressure.",analysis,Specific roster-building reasoning.
"If he had a better whistle, people would talk about him very differently.",hot_take,Unsupported claim about officiating perception.
He dropped 35 on single coverage. At some point you have to send help and live with the kickout.,analysis,Specific defensive adjustment argument.
The Lakers bench minutes are brutal because nobody pressures the rim when LeBron sits.,analysis,Gives a clear causal reason for poor bench performance.
The bench got cooked because they could not contain the ball at the point of attack.,analysis,Specific defensive cause.
He had 40 and somehow I still think the defense won the matchup.,analysis,Contextual claim about scoring versus defense.
"That was a terrible call, but also a terrible decision to reach there.",analysis,Balances officiating and player decision.
You cannot play drop coverage that deep when the guard is walking into practice floaters.,analysis,Specific coverage critique.
This is the most predictable collapse in the league.,hot_take,Broad unsupported team judgment.
I swear every national TV game turns into legacy discourse by halftime.,reaction_noise,Meta complaint about discourse.
The switch everything scheme worked until they ran into a team with actual size on the wing.,analysis,Specific matchup limitation.
This coach is either saving his best lineup for the playoffs or refusing to see the obvious.,hot_take,Coaching judgment without specific lineup details.
The vibes are in critical condition.,reaction_noise,Humorous emotional reaction.
That rookie already understands weak-side help better than some lottery veterans.,analysis,Specific defensive comparison.
"Ant was forcing it early, but once he started passing out of the second defender, the offense opened up.",analysis,Explains adjustment and impact.
This is why regular season stats lie.,hot_take,Makes a broad unsupported claim about statistics.
Everybody wants a trade until they realize the other team has to want your players too.,analysis,Reasoned trade-discussion point.
That possession looked like five people sharing one intrusive thought.,reaction_noise,Humorous reaction.
He is already better than the guy they traded away. Not close.,hot_take,Unsupported player comparison.
He fooled everyone with regular season defense.,hot_take,Unsupported player dismissal.
"The Thunder lost because their half-court offense got predictable, not because they are too young.",analysis,Gives specific cause for loss.
The assist totals are low because everyone is passing up open shots to attack bad closeouts.,analysis,Explains stat context.
Jokic had 12 assists and it still feels like the box score missed half of what he did tonight.,analysis,Makes a reasoned point that box-score assists may not capture total playmaking impact.
"That late double was risky, but it forced the ball to their weakest shooter.",analysis,Specific defensive trade-off.
That was the kind of game where every fanbase involved leaves angry.,reaction_noise,General emotional reaction.
The Kings are at their best when Sabonis is making decisions at the elbow instead of just screening and diving.,analysis,Specific offensive role observation.
"The defense looked lazy, but some of that was just bad communication on early offense.",analysis,Distinguishes effort from communication.
The way he reads the tag defender is the difference between a scorer and an offensive engine.,analysis,Specific playmaking observation.
The league is cooked if this is a foul.,reaction_noise,Officiating frustration.
This is peak NBA discourse: one quarter and everyone is unemployed.,reaction_noise,Meta joke about overreaction.
This team has main character syndrome.,reaction_noise,Humorous venting.
This team plays like it has somewhere better to be.,reaction_noise,Venting.
The coach is cooking or burning the kitchen down. I cannot tell yet.,reaction_noise,Humorous uncertainty.
"The call was bad, the reaction was worse, and the final possession was worst of all.",hot_take,Multiple judgments without explanation.
The front office built a team with shooting on paper and no one who can actually bend the defense.,analysis,Roster construction argument.
The pace slowed down because both teams were trying to avoid cross-matches after misses.,analysis,Specific tactical pace explanation.
This arena is dead for a playoff game.,reaction_noise,Atmosphere reaction rather than basketball evaluation.
This is why I do not trust regular season merchants.,hot_take,Dismissive unsupported playoff claim.
"The box score says he was efficient, but a lot of those points came after the game was already tilted.",analysis,Adds game-context to stats.
"That was not defense, that was cardio near the ball.",reaction_noise,Humorous frustration.
He talks like a superstar and plays like a third option when the help comes.,hot_take,Strong player judgment with limited support.
This dude has negative basketball IQ.,hot_take,Unsupported player insult.
The bad shot was not the issue. The issue was taking it with 14 seconds left and no one under the rim.,analysis,Specific clock and rebounding critique.
"I do not care what the advanced stats say, he disappears when it matters.",hot_take,Unsupported player judgment that dismisses evidence.
"If your offense depends on contested pull-up threes for six straight minutes, that is on the coach and the guards.",analysis,Identifies shot quality and late-game offensive process as the issue.
